image,true_label,predicted_label,confidence,prob_negative,prob_positive,correct
008261920.png,negative,positive,0.9999810457229614,1.8899393e-05,0.99998105,False
012066569.png,negative,positive,0.9999473094940186,5.2723673e-05,0.9999473,False
000757450.png,negative,positive,0.9998867511749268,0.000113241935,0.99988675,False
012785320.png,negative,positive,0.9997791647911072,0.00022089324,0.99977916,False
008506955.png,negative,positive,0.994805634021759,0.0051944125,0.99480563,False
003642741.png,negative,positive,0.9892687201499939,0.010731258,0.9892687,False
011752906.png,negative,positive,0.972929835319519,0.027070196,0.97292984,False
