epoch,time,train/loss,metrics/accuracy_top1,metrics/accuracy_top5,val/loss,lr/pg0,lr/pg1,lr/pg2
1,22.8993,0.61675,0.83217,1,0.50018,0.00013336,0.00013336,0.00013336
2,46.6046,0.29012,0.95105,1,0.13074,0.000277779,0.000277779,0.000277779
3,74.3989,0.137,0.95105,1,0.11518,0.000416257,0.000416257,0.000416257
