i,target,mission,period_days,duration_days,t0,snr,depth_ppm,label,split
27,TOI 178,TESS,15.991839275844171,0.06,1366.812848080591,3.674514992361915,1327.9371152420395,1,val
10,Kepler-186,Kepler,7.267445149117594,0.08,137.97183908668464,6.117076396816073,646.6628460209955,1,val
18,Kepler-11,Kepler,13.025110379298608,0.17500000000000002,138.1745452097326,13.254539592075846,811.233499217967,1,val
23,Kepler-289,Kepler,4.464609800893581,0.3,135.63696155531215,9.297746466745124,2130.3683556407327,1,val
42,KIC 12302530,Kepler,5.9315665014645615,0.09,133.27211967386188,12.789665315346403,1039.0988904207532,0,val
52,TIC 259377017,TESS,5.660323515562498,0.06,1389.5023270624515,25.707762643754517,3406.046427939402,0,val
22,Kepler-114,Kepler,11.776153406306777,0.1,142.70692087246454,11.274118641704844,1498.4086742620973,1,val
