{
  "target": "Kepler-10",
  "mission": "Kepler",
  "period_days": 0.8375663736291898,
  "duration_days": 0.07,
  "t0": 120.6841465105713,
  "binsize_days": 0.0,
  "metrics": {
    "phi_dur": 0.0835754660215032,
    "baseline": 1.0000029802023962,
    "depth": 0.00012141458920944537,
    "depth_ppm": 121.41458920944537,
    "rms_oot": 7.707689702785592e-05,
    "n_in": 252,
    "snr": 25.006155227071265
  },
  "odd_even": {
    "depth_odd": NaN,
    "depth_even": -0.9998815656131868,
    "diff_ppm": NaN
  },
  "ephemeris_next_BKJD_TBJD": [
    120.6841465105713,
    121.52171288420048,
    122.35927925782967,
    123.19684563145887,
    124.03441200508806
  ]
}